Tprev,Tcurrent,y,MEUI
21,24,1,0.406
24,27,1,0.00021
27,27,0,0.00059
27,26.5,1,0.000146
26.5,27,0,0.001526
26.5,26,0,
26,23,0,
23,20,0,
20,23,1,
23,25.45,1,
25.45,26.17,1,
26.17,26.65,0,
26.65,26.39,1,